Jahr,Fachbereich,Geschlecht,BFH,HES-SO,FHNW,FHZ,SUPSI,FHO,ZFH,Kal FH,LRG,Andere PH/Inst.,Andere FH
2019/20,"Architektur, Bau- und Planungswesen",Mann,440,775,322,414,243,514,319,0,0,0,0
2019/20,"Architektur, Bau- und Planungswesen",Frau,140,379,108,209,98,240,119,0,0,0,0
2019/20,Technik und IT,Mann,1152,2586,1719,1567,1438,1819,2205,0,0,0,0
2019/20,Technik und IT,Frau,122,288,281,199,185,366,250,0,0,0,0
2019/20,Chemie und Life Sciences,Mann,135,316,385,0,0,0,717,0,0,0,0
2019/20,Chemie und Life Sciences,Frau,186,197,285,0,0,0,697,0,0,0,0
2019/20,Land- und Forstwirtschaft,Mann,234,77,0,0,0,0,0,0,0,0,0
2019/20,Land- und Forstwirtschaft,Frau,163,37,0,0,0,0,0,0,0,0,0
2019/20,Wirtschaft und Dienstleistungen,Mann,653,3736,2241,1412,924,1306,4539,1331,0,0,0
2019/20,Wirtschaft und Dienstleistungen,Frau,414,3643,1367,1283,583,1070,3534,845,0,0,0
2019/20,Design,Mann,48,390,218,238,72,0,196,0,0,0,0
2019/20,Design,Frau,203,542,325,410,226,0,248,0,0,0,0
2019/20,Sport,Mann,132,0,0,0,0,0,0,0,0,0,0
2019/20,Sport,Frau,53,0,0,0,0,0,0,0,0,0,0
2019/20,"Musik, Theater und andere Künste",Mann,414,763,429,374,178,0,829,80,0,0,0
2019/20,"Musik, Theater und andere Künste",Frau,453,949,487,459,174,0,1087,109,0,0,0
2019/20,Angewandte Linguistik,Mann,0,0,0,0,0,0,84,0,0,0,0
2019/20,Angewandte Linguistik,Frau,0,0,0,0,0,0,391,0,0,0,0
2019/20,Soziale Arbeit,Mann,199,664,439,252,83,184,237,0,0,0,0
2019/20,Soziale Arbeit,Frau,562,1725,1162,674,243,553,665,0,0,0,0
2019/20,Angewandte Psychologie,Mann,0,0,196,59,0,0,265,0,0,0,0
2019/20,Angewandte Psychologie,Frau,0,0,446,167,0,0,940,0,0,0,0
2019/20,Gesundheit,Mann,191,781,0,0,226,30,225,34,0,0,0
2019/20,Gesundheit,Frau,1318,3094,0,0,810,252,1667,110,0,0,0
2019/20,Lehrkräfte-Ausbildung,Mann,0,5,1015,12,114,0,1147,0,0,3639,0
2019/20,Lehrkräfte-Ausbildung,Frau,0,91,2384,13,347,0,2475,0,0,10344,0
2019/20,Nicht zuteilbar,Mann,0,0,0,0,0,0,0,0,0,0,0
2019/20,Nicht zuteilbar,Frau,0,0,0,0,0,0,0,0,0,0,0
2018/19,"Architektur, Bau- und Planungswesen",Mann,470,764,307,431,229,512,360,0,0,0,0
2018/19,"Architektur, Bau- und Planungswesen",Frau,148,356,99,216,98,208,111,0,0,0,0
2018/19,Technik und IT,Mann,1174,2646,1726,1465,1367,1883,2149,0,0,0,0
2018/19,Technik und IT,Frau,133,252,276,162,166,347,231,0,0,0,0
2018/19,Chemie und Life Sciences,Mann,143,331,302,0,0,0,724,0,0,0,0
2018/19,Chemie und Life Sciences,Frau,199,174,222,0,0,0,627,0,0,0,0
2018/19,Land- und Forstwirtschaft,Mann,246,83,0,0,0,0,0,0,0,0,0
2018/19,Land- und Forstwirtschaft,Frau,177,27,0,0,0,0,0,0,0,0,0
2018/19,Wirtschaft und Dienstleistungen,Mann,718,3657,2331,1384,887,1268,4606,1421,0,0,0
2018/19,Wirtschaft und Dienstleistungen,Frau,418,3525,1431,1234,576,1007,3459,813,0,0,0
2018/19,Design,Mann,52,380,214,179,78,0,192,0,0,0,0
2018/19,Design,Frau,196,516,335,386,225,0,256,0,0,0,0
2018/19,Sport,Mann,128,0,0,0,0,0,0,0,0,0,0
2018/19,Sport,Frau,49,0,0,0,0,0,0,0,0,0,0
2018/19,"Musik, Theater und andere Künste",Mann,406,766,445,353,168,0,838,57,0,0,0
2018/19,"Musik, Theater und andere Künste",Frau,453,954,445,467,154,0,1052,72,0,0,0
2018/19,Angewandte Linguistik,Mann,0,0,0,0,0,0,88,0,0,0,0
2018/19,Angewandte Linguistik,Frau,0,0,0,0,0,0,415,0,0,0,0
2018/19,Soziale Arbeit,Mann,191,663,440,251,86,192,254,0,0,0,0
2018/19,Soziale Arbeit,Frau,522,1767,1143,664,220,575,639,0,0,0,0
2018/19,Angewandte Psychologie,Mann,0,0,176,0,0,0,255,0,0,0,0
2018/19,Angewandte Psychologie,Frau,0,0,415,0,0,0,884,0,0,0,0
2018/19,Gesundheit,Mann,177,739,0,0,207,35,224,29,0,0,0
2018/19,Gesundheit,Frau,1242,3075,0,0,797,261,1637,122,0,0,0
2018/19,Lehrkräfte-Ausbildung,Mann,0,11,1003,10,126,0,1144,0,0,3566,0
2018/19,Lehrkräfte-Ausbildung,Frau,0,95,2326,11,342,0,2460,0,0,10101,0
2018/19,Nicht zuteilbar,Mann,0,0,0,0,0,0,0,0,0,0,0
2018/19,Nicht zuteilbar,Frau,0,0,0,0,0,0,0,0,0,0,0
2017/18,"Architektur, Bau- und Planungswesen",Mann,476,825,317,466,240,468,337,0,0,0,0
2017/18,"Architektur, Bau- und Planungswesen",Frau,144,362,98,227,99,185,117,0,0,0,0
2017/18,Technik und IT,Mann,1190,2606,1788,1399,1250,1828,2115,0,0,0,0
2017/18,Technik und IT,Frau,130,260,287,130,140,316,206,0,0,0,0
2017/18,Chemie und Life Sciences,Mann,144,298,298,0,0,0,727,0,0,0,0
2017/18,Chemie und Life Sciences,Frau,168,183,200,0,0,0,607,0,0,0,0
2017/18,Land- und Forstwirtschaft,Mann,234,79,0,0,0,0,0,0,0,0,0
2017/18,Land- und Forstwirtschaft,Frau,176,31,0,0,0,0,0,0,0,0,0
2017/18,Wirtschaft und Dienstleistungen,Mann,767,3554,2217,1314,857,1160,4637,1329,0,0,0
2017/18,Wirtschaft und Dienstleistungen,Frau,448,3463,1376,1160,564,893,3353,663,0,0,0
2017/18,Design,Mann,59,379,213,141,79,0,215,0,0,0,0
2017/18,Design,Frau,191,537,352,371,213,0,256,0,0,0,0
2017/18,Sport,Mann,121,0,0,0,0,0,0,0,0,0,0
2017/18,Sport,Frau,43,0,0,0,0,0,0,0,0,0,0
2017/18,"Musik, Theater und andere Künste",Mann,419,760,456,357,185,0,791,40,0,0,0
2017/18,"Musik, Theater und andere Künste",Frau,442,950,443,450,168,0,984,55,0,0,0
2017/18,Angewandte Linguistik,Mann,0,0,0,0,0,0,87,0,0,0,0
2017/18,Angewandte Linguistik,Frau,0,0,0,0,0,0,429,0,0,0,0
2017/18,Soziale Arbeit,Mann,168,680,422,249,86,196,238,0,0,0,0
2017/18,Soziale Arbeit,Frau,533,2025,1122,649,203,540,632,0,0,0,0
2017/18,Angewandte Psychologie,Mann,0,0,173,0,0,0,227,0,0,0,0
2017/18,Angewandte Psychologie,Frau,0,0,364,0,0,0,818,0,0,0,0
2017/18,Gesundheit,Mann,158,706,0,0,176,29,206,21,0,0,0
2017/18,Gesundheit,Frau,1195,3008,0,0,692,251,1553,92,0,0,0
2017/18,Lehrkräfte-Ausbildung,Mann,0,12,989,8,154,0,1060,0,0,3453,0
2017/18,Lehrkräfte-Ausbildung,Frau,0,92,2353,8,336,0,2375,0,0,9889,0
2017/18,Nicht zuteilbar,Mann,0,0,0,0,0,0,0,0,0,0,0
2017/18,Nicht zuteilbar,Frau,0,0,0,0,0,0,0,0,0,0,0
2016/17,"Architektur, Bau- und Planungswesen",Mann,488,809,330,462,252,418,325,0,0,0,0
2016/17,"Architektur, Bau- und Planungswesen",Frau,151,334,96,229,88,189,118,0,0,0,0
2016/17,Technik und IT,Mann,1201,2612,1654,1405,1116,1832,2063,0,0,0,0
2016/17,Technik und IT,Frau,120,257,262,118,124,276,174,0,0,0,0
2016/17,Chemie und Life Sciences,Mann,134,316,307,0,0,0,739,0,0,0,0
2016/17,Chemie und Life Sciences,Frau,159,193,179,0,0,0,573,0,0,0,0
2016/17,Land- und Forstwirtschaft,Mann,225,82,0,0,0,0,0,0,0,0,0
2016/17,Land- und Forstwirtschaft,Frau,172,33,0,0,0,0,0,0,0,0,0
2016/17,Wirtschaft und Dienstleistungen,Mann,770,3506,2166,1324,845,1212,4400,1287,0,0,0
2016/17,Wirtschaft und Dienstleistungen,Frau,466,3459,1358,1138,536,828,3147,614,0,0,0
2016/17,Design,Mann,50,369,207,142,71,0,247,0,0,0,0
2016/17,Design,Frau,180,544,349,386,202,0,286,0,0,0,0
2016/17,Sport,Mann,138,0,0,0,0,0,0,0,0,0,0
2016/17,Sport,Frau,45,0,0,0,0,0,0,0,0,0,0
2016/17,"Musik, Theater und andere Künste",Mann,412,772,448,348,188,0,763,33,0,0,0
2016/17,"Musik, Theater und andere Künste",Frau,438,954,435,471,175,0,951,33,0,0,0
2016/17,Angewandte Linguistik,Mann,0,0,0,0,0,0,107,0,0,0,0
2016/17,Angewandte Linguistik,Frau,0,0,0,0,0,0,410,0,0,0,0
2016/17,Soziale Arbeit,Mann,182,720,418,237,82,199,227,0,0,0,0
2016/17,Soziale Arbeit,Frau,541,2179,1104,680,211,529,639,0,0,0,0
2016/17,Angewandte Psychologie,Mann,0,0,159,0,0,0,231,0,0,0,0
2016/17,Angewandte Psychologie,Frau,0,0,332,0,0,0,849,0,0,0,0
2016/17,Gesundheit,Mann,145,654,0,0,168,29,187,23,0,0,0
2016/17,Gesundheit,Frau,1147,2902,0,0,653,262,1469,115,0,0,0
2016/17,Lehrkräfte-Ausbildung,Mann,0,12,956,8,149,0,1017,0,0,3366,0
2016/17,Lehrkräfte-Ausbildung,Frau,0,89,2376,8,361,0,2388,0,0,9742,0
2016/17,Nicht zuteilbar,Mann,0,0,0,0,0,0,0,0,0,0,0
2016/17,Nicht zuteilbar,Frau,0,0,0,0,0,0,0,0,0,0,0
2015/16,"Architektur, Bau- und Planungswesen",Mann,499,864,321,457,246,424,353,0,0,0,0
2015/16,"Architektur, Bau- und Planungswesen",Frau,142,343,90,218,90,178,128,0,0,0,0
2015/16,Technik und IT,Mann,1277,2588,1588,1372,992,1792,1986,0,0,0,0
2015/16,Technik und IT,Frau,109,270,243,116,91,242,168,0,0,0,0
2015/16,Chemie und Life Sciences,Mann,121,294,291,0,0,0,677,0,0,0,0
2015/16,Chemie und Life Sciences,Frau,144,178,195,0,0,0,524,0,0,0,0
2015/16,Land- und Forstwirtschaft,Mann,227,71,0,0,0,0,0,0,0,0,0
2015/16,Land- und Forstwirtschaft,Frau,170,37,0,0,0,0,0,0,0,0,0
2015/16,Wirtschaft und Dienstleistungen,Mann,717,3380,2034,1385,826,1123,4133,1168,38,0,0
2015/16,Wirtschaft und Dienstleistungen,Frau,461,3181,1300,1147,497,842,2988,549,52,0,0
2015/16,Design,Mann,53,306,184,133,79,0,252,0,0,0,0
2015/16,Design,Frau,174,556,354,356,220,0,299,0,0,0,0
2015/16,Sport,Mann,126,0,0,0,0,0,0,0,0,0,0
2015/16,Sport,Frau,39,0,0,0,0,0,0,0,0,0,0
2015/16,"Musik, Theater und andere Künste",Mann,379,758,424,375,171,0,714,33,0,0,0
2015/16,"Musik, Theater und andere Künste",Frau,418,937,462,451,183,0,940,32,0,0,0
2015/16,Angewandte Linguistik,Mann,0,0,0,0,0,0,118,0,0,0,0
2015/16,Angewandte Linguistik,Frau,0,0,0,0,0,0,374,0,0,0,0
2015/16,Soziale Arbeit,Mann,167,735,418,236,71,201,205,0,0,0,0
2015/16,Soziale Arbeit,Frau,551,2140,1094,668,208,527,619,0,0,0,0
2015/16,Angewandte Psychologie,Mann,0,0,145,0,0,0,244,0,0,0,0
2015/16,Angewandte Psychologie,Frau,0,0,314,0,0,0,844,0,0,0,0
2015/16,Gesundheit,Mann,151,627,0,0,176,29,178,24,0,0,0
2015/16,Gesundheit,Frau,1124,2832,0,0,571,252,1405,111,0,0,0
2015/16,Lehrkräfte-Ausbildung,Mann,0,14,869,8,124,0,1003,0,0,3371,0
2015/16,Lehrkräfte-Ausbildung,Frau,0,83,2201,5,373,0,2439,0,0,9616,0
2015/16,Nicht zuteilbar,Mann,0,0,0,0,0,0,0,0,0,0,0
2015/16,Nicht zuteilbar,Frau,0,0,0,0,0,0,0,0,0,0,0
2014/15,"Architektur, Bau- und Planungswesen",Mann,508,804,304,433,259,418,383,0,0,0,0
2014/15,"Architektur, Bau- und Planungswesen",Frau,128,319,87,194,88,167,149,0,0,0,0
2014/15,Technik und IT,Mann,1168,2446,1482,1341,913,1659,1996,0,0,0,0
2014/15,Technik und IT,Frau,110,259,208,112,92,220,167,0,0,0,0
2014/15,Chemie und Life Sciences,Mann,109,285,300,0,0,0,708,0,0,0,0
2014/15,Chemie und Life Sciences,Frau,127,198,204,0,0,0,505,0,0,0,0
2014/15,Land- und Forstwirtschaft,Mann,215,61,0,0,0,0,0,0,0,0,0
2014/15,Land- und Forstwirtschaft,Frau,163,36,0,0,0,0,0,0,0,0,0
2014/15,Wirtschaft und Dienstleistungen,Mann,732,3227,1923,1390,787,1137,3915,1137,94,0,0
2014/15,Wirtschaft und Dienstleistungen,Frau,458,2974,1191,1092,463,882,2864,483,132,0,0
2014/15,Design,Mann,52,299,177,135,70,0,261,0,0,0,0
2014/15,Design,Frau,176,495,335,349,230,0,302,0,0,0,0
2014/15,Sport,Mann,137,0,0,0,0,0,0,0,0,0,0
2014/15,Sport,Frau,47,0,0,0,0,0,0,0,0,0,0
2014/15,"Musik, Theater und andere Künste",Mann,397,745,386,383,191,0,680,19,0,0,0
2014/15,"Musik, Theater und andere Künste",Frau,451,945,484,409,172,0,929,20,0,0,0
2014/15,Angewandte Linguistik,Mann,0,0,0,0,0,0,90,0,0,0,0
2014/15,Angewandte Linguistik,Frau,0,0,0,0,0,0,353,0,0,0,0
2014/15,Soziale Arbeit,Mann,154,733,403,224,62,200,201,0,0,0,0
2014/15,Soziale Arbeit,Frau,533,2186,1034,656,213,513,608,0,0,0,0
2014/15,Angewandte Psychologie,Mann,0,0,146,0,0,0,232,0,0,0,0
2014/15,Angewandte Psychologie,Frau,0,0,286,0,0,0,811,0,0,0,0
2014/15,Gesundheit,Mann,146,600,0,0,145,26,147,22,0,0,0
2014/15,Gesundheit,Frau,1112,2675,0,0,478,227,1365,117,0,0,0
2014/15,Lehrkräfte-Ausbildung,Mann,0,14,800,11,112,0,919,0,0,3287,0
2014/15,Lehrkräfte-Ausbildung,Frau,0,89,2083,10,306,0,2429,0,0,9416,0
2014/15,Nicht zuteilbar,Mann,0,0,0,0,0,0,0,0,0,0,0
2014/15,Nicht zuteilbar,Frau,0,0,0,0,0,0,0,0,0,0,0
2013/14,"Architektur, Bau- und Planungswesen",Mann,498,830,300,410,262,417,381,0,0,0,0
2013/14,"Architektur, Bau- und Planungswesen",Frau,138,319,97,171,86,181,166,0,0,0,0
2013/14,Technik und IT,Mann,1171,2347,1438,1312,898,1550,1912,0,0,0,0
2013/14,Technik und IT,Frau,104,225,202,86,82,195,163,0,0,0,0
2013/14,Chemie und Life Sciences,Mann,92,291,327,0,0,0,739,0,0,0,0
2013/14,Chemie und Life Sciences,Frau,111,190,197,0,0,0,537,0,0,0,0
2013/14,Land- und Forstwirtschaft,Mann,209,50,0,0,0,0,0,0,0,0,0
2013/14,Land- und Forstwirtschaft,Frau,150,35,0,0,0,0,0,0,0,0,0
2013/14,Wirtschaft und Dienstleistungen,Mann,782,3065,1828,1419,841,1140,3928,1165,135,0,0
2013/14,Wirtschaft und Dienstleistungen,Frau,460,2704,1063,1072,490,874,2911,421,183,0,0
2013/14,Design,Mann,58,312,171,138,75,0,259,0,0,0,0
2013/14,Design,Frau,180,471,323,325,235,0,310,0,0,0,0
2013/14,Sport,Mann,108,0,0,0,0,0,0,0,0,0,0
2013/14,Sport,Frau,35,0,0,0,0,0,0,0,0,0,0
2013/14,"Musik, Theater und andere Künste",Mann,351,727,374,426,176,0,665,11,0,0,0
2013/14,"Musik, Theater und andere Künste",Frau,435,905,446,411,172,0,900,18,0,0,0
2013/14,Angewandte Linguistik,Mann,0,0,0,0,0,0,91,0,0,0,0
2013/14,Angewandte Linguistik,Frau,0,0,0,0,0,0,358,0,0,0,0
2013/14,Soziale Arbeit,Mann,140,754,410,246,58,201,189,0,0,0,0
2013/14,Soziale Arbeit,Frau,512,2246,1046,637,219,514,599,0,0,0,0
2013/14,Angewandte Psychologie,Mann,0,0,131,0,0,0,226,0,0,0,0
2013/14,Angewandte Psychologie,Frau,0,0,279,0,0,0,704,0,0,0,0
2013/14,Gesundheit,Mann,153,526,0,0,142,22,144,23,0,0,0
2013/14,Gesundheit,Frau,1144,2646,0,0,445,188,1330,112,0,0,0
2013/14,Lehrkräfte-Ausbildung,Mann,0,8,702,7,94,0,859,0,0,3108,0
2013/14,Lehrkräfte-Ausbildung,Frau,0,86,1944,9,247,0,2363,0,0,9062,0
2013/14,Nicht zuteilbar,Mann,0,0,0,0,0,0,0,0,0,0,0
2013/14,Nicht zuteilbar,Frau,0,0,0,0,0,0,0,0,0,0,0
2012/13,"Architektur, Bau- und Planungswesen",Mann,522,772,282,386,258,444,385,0,0,0,0
2012/13,"Architektur, Bau- und Planungswesen",Frau,146,305,94,165,75,194,167,0,0,0,0
2012/13,Technik und IT,Mann,1231,2254,1331,1259,793,1576,1863,0,0,0,0
2012/13,Technik und IT,Frau,96,207,171,72,57,200,141,0,0,0,0
2012/13,Chemie und Life Sciences,Mann,85,273,343,0,0,0,705,0,0,0,0
2012/13,Chemie und Life Sciences,Frau,96,182,185,0,0,0,538,0,0,0,0
2012/13,Land- und Forstwirtschaft,Mann,219,46,0,0,0,0,0,0,0,0,0
2012/13,Land- und Forstwirtschaft,Frau,143,33,0,0,0,0,0,0,0,0,0
2012/13,Wirtschaft und Dienstleistungen,Mann,790,2898,1722,1364,827,1177,3920,1231,124,0,0
2012/13,Wirtschaft und Dienstleistungen,Frau,429,2542,958,968,468,889,2811,389,182,0,0
2012/13,Design,Mann,53,334,193,182,74,0,266,0,0,0,0
2012/13,Design,Frau,188,479,282,356,218,0,313,0,0,0,0
2012/13,Sport,Mann,123,0,0,0,0,0,0,0,0,0,0
2012/13,Sport,Frau,40,0,0,0,0,0,0,0,0,0,0
2012/13,"Musik, Theater und andere Künste",Mann,361,753,382,353,179,0,669,11,0,0,0
2012/13,"Musik, Theater und andere Künste",Frau,441,911,439,394,168,0,958,11,0,0,0
2012/13,Angewandte Linguistik,Mann,0,0,0,0,0,0,88,0,0,0,0
2012/13,Angewandte Linguistik,Frau,0,0,0,0,0,0,335,0,0,0,0
2012/13,Soziale Arbeit,Mann,128,741,412,242,55,190,176,0,0,0,0
2012/13,Soziale Arbeit,Frau,498,2294,1052,563,213,503,571,0,0,0,0
2012/13,Angewandte Psychologie,Mann,0,0,121,0,0,0,223,0,0,0,0
2012/13,Angewandte Psychologie,Frau,0,0,251,0,0,0,657,0,0,0,0
2012/13,Gesundheit,Mann,128,489,0,0,130,19,169,12,0,0,0
2012/13,Gesundheit,Frau,1059,2518,0,0,427,185,1257,74,0,0,0
2012/13,Lehrkräfte-Ausbildung,Mann,0,8,683,4,93,0,664,0,0,2894,0
2012/13,Lehrkräfte-Ausbildung,Frau,0,85,1821,6,255,0,2055,0,0,8573,0
2012/13,Nicht zuteilbar,Mann,0,0,0,0,0,0,0,0,0,0,0
2012/13,Nicht zuteilbar,Frau,0,0,0,0,0,0,0,0,0,0,0
2011/12,"Architektur, Bau- und Planungswesen",Mann,499,714,254,371,241,406,404,0,0,0,0
2011/12,"Architektur, Bau- und Planungswesen",Frau,143,274,92,135,69,191,145,0,0,0,0
2011/12,Technik und IT,Mann,1183,2284,1229,1138,727,1614,1743,0,0,0,0
2011/12,Technik und IT,Frau,86,191,137,64,50,190,114,0,0,0,0
2011/12,Chemie und Life Sciences,Mann,76,265,393,0,0,0,682,0,0,0,0
2011/12,Chemie und Life Sciences,Frau,85,179,191,0,0,0,522,0,0,0,0
2011/12,Land- und Forstwirtschaft,Mann,225,43,0,0,0,0,0,0,0,0,0
2011/12,Land- und Forstwirtschaft,Frau,138,25,0,0,0,0,0,0,0,0,0
2011/12,Wirtschaft und Dienstleistungen,Mann,793,2676,1666,1367,823,1143,3745,1208,112,0,0
2011/12,Wirtschaft und Dienstleistungen,Frau,425,2375,877,945,434,839,2663,380,152,0,0
2011/12,Design,Mann,59,348,197,176,81,0,324,0,0,0,0
2011/12,Design,Frau,183,481,261,311,192,0,350,0,0,0,0
2011/12,Sport,Mann,90,0,0,0,0,0,0,0,0,0,0
2011/12,Sport,Frau,31,0,0,0,0,0,0,0,0,0,0
2011/12,"Musik, Theater und andere Künste",Mann,348,729,382,315,161,0,584,7,0,0,0
2011/12,"Musik, Theater und andere Künste",Frau,422,908,451,388,148,0,930,7,0,0,0
2011/12,Angewandte Linguistik,Mann,0,0,0,0,0,0,99,0,0,0,0
2011/12,Angewandte Linguistik,Frau,0,0,0,0,0,0,335,0,0,0,0
2011/12,Soziale Arbeit,Mann,103,762,398,241,57,148,172,0,0,0,0
2011/12,Soziale Arbeit,Frau,460,2276,1062,565,204,470,515,0,0,0,0
2011/12,Angewandte Psychologie,Mann,0,0,132,0,0,0,201,0,0,0,0
2011/12,Angewandte Psychologie,Frau,0,0,208,0,0,0,540,0,0,0,0
2011/12,Gesundheit,Mann,119,385,0,0,110,18,131,14,0,0,0
2011/12,Gesundheit,Frau,1015,2261,0,0,395,209,1173,79,0,0,0
2011/12,Lehrkräfte-Ausbildung,Mann,0,7,569,0,90,0,470,0,0,2488,0
2011/12,Lehrkräfte-Ausbildung,Frau,0,85,1614,0,255,0,1576,0,0,8008,0
2011/12,Nicht zuteilbar,Mann,0,0,0,0,0,0,0,0,0,0,0
2011/12,Nicht zuteilbar,Frau,0,0,0,0,0,0,0,0,0,0,0
2010/11,"Architektur, Bau- und Planungswesen",Mann,465,608,237,298,218,387,403,0,0,0,0
2010/11,"Architektur, Bau- und Planungswesen",Frau,120,239,88,103,62,167,132,0,0,0,0
2010/11,Technik und IT,Mann,1301,2202,1161,1105,651,1484,1723,0,0,0,0
2010/11,Technik und IT,Frau,87,184,116,57,47,153,120,0,0,0,0
2010/11,Chemie und Life Sciences,Mann,65,256,426,0,0,0,613,0,0,0,0
2010/11,Chemie und Life Sciences,Frau,75,156,185,0,0,0,503,0,0,0,0
2010/11,Land- und Forstwirtschaft,Mann,215,34,0,0,0,0,0,0,0,0,0
2010/11,Land- und Forstwirtschaft,Frau,132,23,0,0,0,0,0,0,0,0,0
2010/11,Wirtschaft und Dienstleistungen,Mann,786,2584,1670,1365,722,1072,3504,1243,48,0,0
2010/11,Wirtschaft und Dienstleistungen,Frau,408,2284,888,899,413,779,2443,362,69,0,0
2010/11,Design,Mann,59,354,207,162,68,0,345,0,0,0,0
2010/11,Design,Frau,184,417,282,271,188,0,364,0,0,0,0
2010/11,Sport,Mann,88,0,0,0,0,0,0,0,0,0,0
2010/11,Sport,Frau,33,0,0,0,0,0,0,0,0,0,0
2010/11,"Musik, Theater und andere Künste",Mann,323,720,363,316,137,0,601,2,0,0,0
2010/11,"Musik, Theater und andere Künste",Frau,391,897,440,387,141,0,963,1,0,0,0
2010/11,Angewandte Linguistik,Mann,0,0,0,0,0,0,108,0,0,0,0
2010/11,Angewandte Linguistik,Frau,0,0,0,0,0,0,401,0,0,0,0
2010/11,Soziale Arbeit,Mann,119,667,413,251,52,133,169,0,0,0,0
2010/11,Soziale Arbeit,Frau,487,2096,1082,609,190,440,490,0,0,0,0
2010/11,Angewandte Psychologie,Mann,0,0,118,0,0,0,198,0,0,0,0
2010/11,Angewandte Psychologie,Frau,0,0,203,0,0,0,517,0,0,0,0
2010/11,Gesundheit,Mann,119,376,0,0,104,15,120,5,0,0,0
2010/11,Gesundheit,Frau,912,2024,0,0,350,188,1079,51,0,0,0
2010/11,Lehrkräfte-Ausbildung,Mann,0,5,515,0,93,0,432,0,0,2295,0
2010/11,Lehrkräfte-Ausbildung,Frau,0,82,1544,0,225,0,1499,0,0,7415,0
2010/11,Nicht zuteilbar,Mann,0,0,0,0,0,0,0,0,0,0,0
2010/11,Nicht zuteilbar,Frau,0,0,0,0,0,0,0,0,0,0,0
2009/10,"Architektur, Bau- und Planungswesen",Mann,418,626,216,253,217,384,389,0,0,0,0
2009/10,"Architektur, Bau- und Planungswesen",Frau,103,206,91,79,51,145,131,0,0,0,0
2009/10,Technik und IT,Mann,1259,2145,1143,944,523,1260,1657,0,0,0,0
2009/10,Technik und IT,Frau,71,169,111,48,41,98,121,0,0,0,0
2009/10,Chemie und Life Sciences,Mann,50,253,361,0,0,0,542,0,0,0,0
2009/10,Chemie und Life Sciences,Frau,66,138,171,0,0,0,439,0,0,0,0
2009/10,Land- und Forstwirtschaft,Mann,204,24,0,0,0,0,0,0,0,0,0
2009/10,Land- und Forstwirtschaft,Frau,123,19,0,0,0,0,0,0,0,0,0
2009/10,Wirtschaft und Dienstleistungen,Mann,744,2459,1674,1334,731,1213,3176,1174,11,0,0
2009/10,Wirtschaft und Dienstleistungen,Frau,362,2125,881,794,387,706,2197,312,8,0,0
2009/10,Design,Mann,50,305,196,155,68,0,328,0,0,0,0
2009/10,Design,Frau,160,384,279,264,168,0,331,0,0,0,0
2009/10,Sport,Mann,89,0,0,0,0,0,0,0,0,0,0
2009/10,Sport,Frau,31,0,0,0,0,0,0,0,0,0,0
2009/10,"Musik, Theater und andere Künste",Mann,312,743,312,286,124,0,528,0,0,0,0
2009/10,"Musik, Theater und andere Künste",Frau,363,889,432,371,116,0,907,0,0,0,0
2009/10,Angewandte Linguistik,Mann,0,0,0,0,0,0,89,0,0,0,0
2009/10,Angewandte Linguistik,Frau,0,0,0,0,0,0,395,0,0,0,0
2009/10,Soziale Arbeit,Mann,118,629,405,251,55,127,165,0,0,0,0
2009/10,Soziale Arbeit,Frau,435,1889,1006,578,184,385,460,0,0,0,0
2009/10,Angewandte Psychologie,Mann,0,0,90,0,0,0,162,0,0,0,0
2009/10,Angewandte Psychologie,Frau,0,0,179,0,0,0,427,0,0,0,0
2009/10,Gesundheit,Mann,101,361,0,0,97,22,110,1,0,0,0
2009/10,Gesundheit,Frau,703,1936,0,0,319,176,962,15,0,0,0
2009/10,Lehrkräfte-Ausbildung,Mann,0,5,480,0,96,0,396,0,0,2201,0
2009/10,Lehrkräfte-Ausbildung,Frau,0,63,1377,0,223,0,1421,0,0,6814,0
2009/10,Nicht zuteilbar,Mann,0,0,0,0,0,0,0,0,0,0,0
2009/10,Nicht zuteilbar,Frau,0,0,0,0,0,0,0,0,0,0,0
2008/09,"Architektur, Bau- und Planungswesen",Mann,337,619,194,203,187,390,361,0,0,0,0
2008/09,"Architektur, Bau- und Planungswesen",Frau,75,204,81,61,45,128,107,0,0,0,0
2008/09,Technik und IT,Mann,1047,2356,1100,751,447,1214,1515,0,0,0,0
2008/09,Technik und IT,Frau,69,185,100,26,38,62,95,0,0,0,0
2008/09,Chemie und Life Sciences,Mann,27,284,307,0,0,0,395,0,0,0,0
2008/09,Chemie und Life Sciences,Frau,46,180,145,0,0,0,322,0,0,0,0
2008/09,Land- und Forstwirtschaft,Mann,195,24,0,0,0,0,0,0,0,0,0
2008/09,Land- und Forstwirtschaft,Frau,98,20,0,0,0,0,0,0,0,0,0
2008/09,Wirtschaft und Dienstleistungen,Mann,807,2426,1583,1108,686,1189,2670,1128,0,0,0
2008/09,Wirtschaft und Dienstleistungen,Frau,306,1936,836,614,330,675,1826,337,0,0,0
2008/09,Design,Mann,45,262,197,115,64,0,301,0,0,0,0
2008/09,Design,Frau,139,331,243,213,145,0,301,0,0,0,0
2008/09,Sport,Mann,91,0,0,0,0,0,0,0,0,0,0
2008/09,Sport,Frau,40,0,0,0,0,0,0,0,0,0,0
2008/09,"Musik, Theater und andere Künste",Mann,290,648,317,286,112,0,468,0,0,0,0
2008/09,"Musik, Theater und andere Künste",Frau,327,864,400,362,114,0,826,0,0,0,0
2008/09,Angewandte Linguistik,Mann,0,0,0,0,0,0,96,0,0,0,0
2008/09,Angewandte Linguistik,Frau,0,0,0,0,0,0,428,0,0,0,0
2008/09,Soziale Arbeit,Mann,112,625,394,245,65,138,149,0,0,0,0
2008/09,Soziale Arbeit,Frau,350,1897,924,548,188,346,454,0,0,0,0
2008/09,Angewandte Psychologie,Mann,0,0,71,0,0,0,154,0,0,0,0
2008/09,Angewandte Psychologie,Frau,0,0,167,0,0,0,339,0,0,0,0
2008/09,Gesundheit,Mann,74,334,0,0,56,18,81,2,0,0,0
2008/09,Gesundheit,Frau,468,1870,0,0,218,123,704,20,0,0,0
2008/09,Lehrkräfte-Ausbildung,Mann,0,6,345,0,0,0,415,0,0,2029,0
2008/09,Lehrkräfte-Ausbildung,Frau,0,81,1318,0,0,0,1332,0,0,6542,0
2008/09,Nicht zuteilbar,Mann,0,12,0,0,0,0,0,0,0,0,0
2008/09,Nicht zuteilbar,Frau,0,10,0,0,0,0,0,0,0,0,0
2007/08,"Architektur, Bau- und Planungswesen",Mann,395,611,269,196,162,441,328,0,0,0,0
2007/08,"Architektur, Bau- und Planungswesen",Frau,90,199,73,55,37,134,99,0,0,0,0
2007/08,Technik und IT,Mann,1288,2450,1366,639,436,1314,1367,0,0,0,0
2007/08,Technik und IT,Frau,86,173,99,26,43,45,71,0,0,0,0
2007/08,Chemie und Life Sciences,Mann,19,320,266,0,0,0,373,0,0,0,0
2007/08,Chemie und Life Sciences,Frau,26,174,95,0,0,0,317,0,0,0,0
2007/08,Land- und Forstwirtschaft,Mann,222,32,0,0,0,0,0,0,0,0,0
2007/08,Land- und Forstwirtschaft,Frau,114,14,0,0,0,0,0,0,0,0,0
2007/08,Wirtschaft und Dienstleistungen,Mann,709,2387,1659,1070,636,1029,2543,986,0,0,0
2007/08,Wirtschaft und Dienstleistungen,Frau,294,1753,785,505,292,603,1656,269,0,0,0
2007/08,Design,Mann,56,245,212,113,66,0,354,0,0,0,0
2007/08,Design,Frau,142,345,224,213,124,0,409,0,0,0,0
2007/08,Sport,Mann,80,0,0,0,0,0,0,0,0,0,0
2007/08,Sport,Frau,38,0,0,0,0,0,0,0,0,0,0
2007/08,"Musik, Theater und andere Künste",Mann,281,107,54,311,102,0,420,0,0,0,627
2007/08,"Musik, Theater und andere Künste",Frau,312,182,79,326,101,0,731,0,0,0,798
2007/08,Angewandte Linguistik,Mann,0,0,0,0,0,0,86,0,0,0,0
2007/08,Angewandte Linguistik,Frau,0,0,0,0,0,0,424,0,0,0,0
2007/08,Soziale Arbeit,Mann,71,526,376,206,75,134,139,0,0,0,0
2007/08,Soziale Arbeit,Frau,269,1664,854,503,178,341,410,0,0,0,0
2007/08,Angewandte Psychologie,Mann,0,0,65,0,0,0,130,0,0,0,0
2007/08,Angewandte Psychologie,Frau,0,0,143,0,0,0,321,0,0,0,0
2007/08,Gesundheit,Mann,51,291,0,0,36,11,56,3,0,0,0
2007/08,Gesundheit,Frau,235,1726,0,0,139,70,413,33,0,0,0
2007/08,Lehrkräfte-Ausbildung,Mann,0,4,341,0,0,0,453,0,0,2002,0
2007/08,Lehrkräfte-Ausbildung,Frau,0,75,1366,0,0,0,1432,0,0,6277,0
2007/08,Nicht zuteilbar,Mann,58,15,0,0,0,0,0,0,0,0,0
2007/08,Nicht zuteilbar,Frau,107,8,0,0,0,0,0,0,0,0,0
2006/07,"Architektur, Bau- und Planungswesen",Mann,398,578,240,187,155,395,321,0,0,0,0
2006/07,"Architektur, Bau- und Planungswesen",Frau,91,197,58,56,37,99,81,0,0,0,0
2006/07,Technik und IT,Mann,1624,2609,1391,681,495,1350,1305,0,0,0,0
2006/07,Technik und IT,Frau,108,172,89,26,51,55,59,0,0,0,0
2006/07,Chemie und Life Sciences,Mann,9,331,207,0,0,0,409,0,0,0,0
2006/07,Chemie und Life Sciences,Frau,9,171,61,0,0,0,295,0,0,0,0
2006/07,Land- und Forstwirtschaft,Mann,231,36,0,0,0,0,0,0,0,0,0
2006/07,Land- und Forstwirtschaft,Frau,89,19,0,0,0,0,0,0,0,0,0
2006/07,Wirtschaft und Dienstleistungen,Mann,852,2162,1441,1074,542,1095,2428,782,0,0,0
2006/07,Wirtschaft und Dienstleistungen,Frau,345,1503,697,525,287,558,1360,194,0,0,0
2006/07,Design,Mann,45,217,206,104,70,0,348,0,0,0,0
2006/07,Design,Frau,126,345,214,207,111,0,435,0,0,0,0
2006/07,Sport,Mann,74,0,0,0,0,0,0,0,0,0,0
2006/07,Sport,Frau,38,0,0,0,0,0,0,0,0,0,0
2006/07,"Musik, Theater und andere Künste",Mann,261,0,57,287,97,0,432,0,0,0,768
2006/07,"Musik, Theater und andere Künste",Frau,292,0,84,315,89,0,712,0,0,0,999
2006/07,Angewandte Linguistik,Mann,0,0,0,0,0,0,63,0,0,0,0
2006/07,Angewandte Linguistik,Frau,0,0,0,0,0,0,311,0,0,0,0
2006/07,Soziale Arbeit,Mann,67,467,339,199,70,119,138,0,0,0,0
2006/07,Soziale Arbeit,Frau,249,1479,752,442,160,336,431,0,0,0,0
2006/07,Angewandte Psychologie,Mann,0,0,50,0,0,0,116,0,0,0,0
2006/07,Angewandte Psychologie,Frau,0,0,103,0,0,0,327,0,0,0,0
2006/07,Gesundheit,Mann,18,261,0,0,15,11,32,3,0,0,0
2006/07,Gesundheit,Frau,58,1515,0,0,55,40,185,26,0,0,0
2006/07,Lehrkräfte-Ausbildung,Mann,0,4,340,0,0,0,506,0,0,1661,0
2006/07,Lehrkräfte-Ausbildung,Frau,0,65,1363,0,0,0,1502,0,0,5587,0
2006/07,Nicht zuteilbar,Mann,48,11,0,0,0,0,0,0,0,0,0
2006/07,Nicht zuteilbar,Frau,84,18,0,0,0,0,0,0,0,0,0
2005/06,"Architektur, Bau- und Planungswesen",Mann,401,566,251,200,138,400,293,0,0,0,0
2005/06,"Architektur, Bau- und Planungswesen",Frau,92,187,59,58,36,107,79,0,0,0,0
2005/06,Technik und IT,Mann,1619,2691,1421,684,500,1479,1176,0,0,0,0
2005/06,Technik und IT,Frau,100,164,83,27,43,43,58,0,0,0,0
2005/06,Chemie und Life Sciences,Mann,20,305,93,0,0,0,415,0,0,0,0
2005/06,Chemie und Life Sciences,Frau,6,183,17,0,0,0,282,0,0,0,0
2005/06,Land- und Forstwirtschaft,Mann,221,52,0,0,0,0,0,0,0,0,0
2005/06,Land- und Forstwirtschaft,Frau,74,22,0,0,0,0,0,0,0,0,0
2005/06,Wirtschaft und Dienstleistungen,Mann,819,2222,1413,1036,547,889,2217,1076,0,0,0
2005/06,Wirtschaft und Dienstleistungen,Frau,331,1468,684,472,273,508,1142,203,0,0,0
2005/06,Design,Mann,46,208,218,89,66,0,327,0,0,0,0
2005/06,Design,Frau,105,356,232,185,107,0,370,0,0,0,0
2005/06,Sport,Mann,57,0,0,0,0,0,0,0,0,0,0
2005/06,Sport,Frau,29,0,0,0,0,0,0,0,0,0,0
2005/06,"Musik, Theater und andere Künste",Mann,238,0,52,286,99,0,434,0,0,0,773
2005/06,"Musik, Theater und andere Künste",Frau,258,0,84,304,87,0,721,0,0,0,962
2005/06,Angewandte Linguistik,Mann,0,0,0,0,0,0,41,0,0,0,0
2005/06,Angewandte Linguistik,Frau,0,0,0,0,0,0,225,0,0,0,0
2005/06,Soziale Arbeit,Mann,68,400,133,180,67,120,142,0,0,0,146
2005/06,Soziale Arbeit,Frau,232,1209,369,413,159,316,417,0,0,0,253
2005/06,Angewandte Psychologie,Mann,0,0,32,0,0,0,110,0,0,0,0
2005/06,Angewandte Psychologie,Frau,0,0,72,0,0,0,299,0,0,0,0
2005/06,Gesundheit,Mann,0,239,0,0,0,0,0,0,0,0,0
2005/06,Gesundheit,Frau,0,1326,0,0,0,0,0,0,0,0,0
2005/06,Lehrkräfte-Ausbildung,Mann,0,4,128,0,0,0,488,0,0,1695,0
2005/06,Lehrkräfte-Ausbildung,Frau,0,57,498,0,0,0,1608,0,0,5941,0
2005/06,Nicht zuteilbar,Mann,46,0,0,0,0,0,0,0,0,0,0
2005/06,Nicht zuteilbar,Frau,69,0,0,0,0,0,0,0,0,0,0
2004/05,"Architektur, Bau- und Planungswesen",Mann,328,487,266,184,141,398,289,0,0,0,0
2004/05,"Architektur, Bau- und Planungswesen",Frau,68,155,65,61,27,103,61,0,0,0,0
2004/05,Technik und IT,Mann,1602,2490,1351,699,430,1372,1100,0,0,0,0
2004/05,Technik und IT,Frau,87,145,72,24,47,61,56,0,0,0,0
2004/05,Chemie und Life Sciences,Mann,27,302,79,0,0,0,351,0,0,0,0
2004/05,Chemie und Life Sciences,Frau,7,154,21,0,0,0,212,0,0,0,0
2004/05,Land- und Forstwirtschaft,Mann,217,51,0,0,0,0,0,0,0,0,0
2004/05,Land- und Forstwirtschaft,Frau,66,24,0,0,0,0,0,0,0,0,0
2004/05,Wirtschaft und Dienstleistungen,Mann,2047,2229,1788,1026,523,867,2125,0,0,0,0
2004/05,Wirtschaft und Dienstleistungen,Frau,423,1489,807,394,239,406,1108,0,0,0,0
2004/05,Design,Mann,43,184,218,64,58,0,294,0,0,0,0
2004/05,Design,Frau,86,311,230,135,98,0,335,0,0,0,0
2004/05,Sport,Mann,75,0,0,0,0,0,0,0,0,0,0
2004/05,Sport,Frau,30,0,0,0,0,0,0,0,0,0,0
2004/05,"Musik, Theater und andere Künste",Mann,202,0,49,286,0,0,405,0,0,0,893
2004/05,"Musik, Theater und andere Künste",Frau,212,0,96,295,0,0,648,0,0,0,1042
2004/05,Angewandte Linguistik,Mann,0,0,0,0,0,0,51,0,0,0,0
2004/05,Angewandte Linguistik,Frau,0,0,0,0,0,0,187,0,0,0,0
2004/05,Soziale Arbeit,Mann,67,298,124,171,59,89,142,0,0,0,125
2004/05,Soziale Arbeit,Frau,207,884,304,376,148,261,397,0,0,0,239
2004/05,Angewandte Psychologie,Mann,0,0,14,0,0,0,109,0,0,0,0
2004/05,Angewandte Psychologie,Frau,0,0,27,0,0,0,312,0,0,0,0
2004/05,Gesundheit,Mann,0,266,0,0,0,0,0,0,0,0,0
2004/05,Gesundheit,Frau,0,1380,0,0,0,0,0,0,0,0,0
2004/05,Lehrkräfte-Ausbildung,Mann,0,4,110,0,0,0,443,0,0,993,0
2004/05,Lehrkräfte-Ausbildung,Frau,0,41,434,0,0,0,1479,0,0,3746,0
2004/05,Nicht zuteilbar,Mann,53,0,0,0,0,0,0,0,0,0,0
2004/05,Nicht zuteilbar,Frau,74,0,0,0,0,0,0,0,0,0,0
2003/04,"Architektur, Bau- und Planungswesen",Mann,351,439,247,203,124,312,291,0,0,0,0
2003/04,"Architektur, Bau- und Planungswesen",Frau,57,121,53,53,20,79,65,0,0,0,0
2003/04,Technik und IT,Mann,1601,2526,1349,655,279,1265,1113,0,0,0,95
2003/04,Technik und IT,Frau,76,132,71,19,19,52,79,0,0,0,19
2003/04,Chemie und Life Sciences,Mann,32,284,78,0,0,0,252,0,0,0,0
2003/04,Chemie und Life Sciences,Frau,2,141,26,0,0,0,115,0,0,0,0
2003/04,Land- und Forstwirtschaft,Mann,216,55,0,0,0,0,53,0,0,0,0
2003/04,Land- und Forstwirtschaft,Frau,56,22,0,0,0,0,42,0,0,0,0
2003/04,Wirtschaft und Dienstleistungen,Mann,1956,1952,1647,957,292,846,1956,0,0,0,269
2003/04,Wirtschaft und Dienstleistungen,Frau,406,1243,739,319,150,397,1034,0,0,0,80
2003/04,Design,Mann,51,170,203,59,59,0,265,0,0,0,0
2003/04,Design,Frau,85,291,213,130,91,0,325,0,0,0,0
2003/04,Sport,Mann,59,0,0,0,0,0,0,0,0,0,0
2003/04,Sport,Frau,23,0,0,0,0,0,0,0,0,0,0
2003/04,"Musik, Theater und andere Künste",Mann,200,0,43,273,0,0,415,0,0,0,861
2003/04,"Musik, Theater und andere Künste",Frau,188,0,95,278,0,0,629,0,0,0,996
2003/04,Angewandte Linguistik,Mann,0,0,0,0,0,0,41,0,0,0,0
2003/04,Angewandte Linguistik,Frau,0,0,0,0,0,0,197,0,0,0,0
2003/04,Soziale Arbeit,Mann,55,205,119,152,69,119,136,0,0,0,111
2003/04,Soziale Arbeit,Frau,203,580,268,327,139,232,385,0,0,0,214
2003/04,Angewandte Psychologie,Mann,0,0,0,0,0,0,73,0,0,0,0
2003/04,Angewandte Psychologie,Frau,0,0,0,0,0,0,243,0,0,0,0
2003/04,Gesundheit,Mann,0,166,0,0,0,0,0,0,0,0,0
2003/04,Gesundheit,Frau,0,908,0,0,0,0,0,0,0,0,0
2003/04,Lehrkräfte-Ausbildung,Mann,0,3,124,0,0,0,304,0,0,560,0
2003/04,Lehrkräfte-Ausbildung,Frau,0,26,477,0,0,0,1220,0,0,2451,0
2003/04,Nicht zuteilbar,Mann,37,0,0,0,0,0,0,0,0,0,0
2003/04,Nicht zuteilbar,Frau,41,0,0,0,0,0,0,0,0,0,0
2002/03,"Architektur, Bau- und Planungswesen",Mann,392,388,254,161,121,290,275,0,0,0,0
2002/03,"Architektur, Bau- und Planungswesen",Frau,58,83,42,36,18,83,54,0,0,0,0
2002/03,Technik und IT,Mann,1487,2245,1215,589,280,1244,1116,0,0,0,72
2002/03,Technik und IT,Frau,73,93,57,19,16,45,81,0,0,0,11
2002/03,Chemie und Life Sciences,Mann,43,221,77,0,0,0,207,0,0,0,0
2002/03,Chemie und Life Sciences,Frau,4,109,20,0,0,0,96,0,0,0,0
2002/03,Land- und Forstwirtschaft,Mann,207,48,0,0,0,0,29,0,0,0,0
2002/03,Land- und Forstwirtschaft,Frau,55,16,0,0,0,0,19,0,0,0,0
2002/03,Wirtschaft und Dienstleistungen,Mann,1995,1979,1417,956,283,749,1720,0,0,0,201
2002/03,Wirtschaft und Dienstleistungen,Frau,333,1276,635,240,134,307,932,0,0,0,56
2002/03,Design,Mann,45,154,180,49,66,0,265,0,0,0,0
2002/03,Design,Frau,76,235,167,99,86,0,350,0,0,0,0
2002/03,Sport,Mann,91,0,0,0,0,0,0,0,0,0,0
2002/03,Sport,Frau,26,0,0,0,0,0,0,0,0,0,0
2002/03,"Musik, Theater und andere Künste",Mann,226,0,39,290,0,0,411,0,0,0,770
2002/03,"Musik, Theater und andere Künste",Frau,192,0,85,284,0,0,607,0,0,0,836
2002/03,Angewandte Linguistik,Mann,0,0,0,0,0,0,37,0,0,0,0
2002/03,Angewandte Linguistik,Frau,0,0,0,0,0,0,169,0,0,0,0
2002/03,Soziale Arbeit,Mann,51,101,114,132,75,104,149,0,0,0,88
2002/03,Soziale Arbeit,Frau,193,292,221,298,132,180,361,0,0,0,175
2002/03,Angewandte Psychologie,Mann,0,0,0,0,0,0,72,0,0,0,0
2002/03,Angewandte Psychologie,Frau,0,0,0,0,0,0,214,0,0,0,0
2002/03,Gesundheit,Mann,0,71,0,0,0,0,0,0,0,0,0
2002/03,Gesundheit,Frau,0,443,0,0,0,0,0,0,0,0,0
2002/03,Lehrkräfte-Ausbildung,Mann,0,2,78,0,0,0,156,0,0,390,0
2002/03,Lehrkräfte-Ausbildung,Frau,0,13,418,0,0,0,580,0,0,1625,0
2002/03,Nicht zuteilbar,Mann,42,0,0,0,0,0,0,0,0,0,0
2002/03,Nicht zuteilbar,Frau,61,0,0,0,0,0,0,0,0,0,0
2001/02,"Architektur, Bau- und Planungswesen",Mann,409,344,266,167,118,234,292,0,0,0,0
2001/02,"Architektur, Bau- und Planungswesen",Frau,63,62,47,25,11,69,58,0,0,0,0
2001/02,Technik und IT,Mann,1467,1898,1127,492,277,1188,1057,0,0,0,44
2001/02,Technik und IT,Frau,64,85,51,13,9,34,69,0,0,0,7
2001/02,Chemie und Life Sciences,Mann,46,212,73,0,0,4,212,0,0,0,0
2001/02,Chemie und Life Sciences,Frau,7,96,19,0,0,4,75,0,0,0,0
2001/02,Land- und Forstwirtschaft,Mann,160,46,0,0,0,0,29,0,0,0,0
2001/02,Land- und Forstwirtschaft,Frau,30,14,0,0,0,0,21,0,0,0,0
2001/02,Wirtschaft und Dienstleistungen,Mann,1862,1585,1134,717,251,649,1525,0,0,0,96
2001/02,Wirtschaft und Dienstleistungen,Frau,302,1027,511,166,105,245,760,0,0,0,17
2001/02,Design,Mann,27,129,148,37,65,0,249,0,0,0,0
2001/02,Design,Frau,55,184,141,80,74,0,342,0,0,0,0
2001/02,Sport,Mann,69,0,0,0,0,0,0,0,0,0,0
2001/02,Sport,Frau,21,0,0,0,0,0,0,0,0,0,0
2001/02,"Musik, Theater und andere Künste",Mann,225,0,41,249,0,0,373,0,0,0,405
2001/02,"Musik, Theater und andere Künste",Frau,208,0,85,231,0,0,586,0,0,0,399
2001/02,Angewandte Linguistik,Mann,0,0,0,0,0,0,31,0,0,0,0
2001/02,Angewandte Linguistik,Frau,0,0,0,0,0,0,142,0,0,0,0
2001/02,Soziale Arbeit,Mann,52,0,118,94,78,83,175,0,0,0,47
2001/02,Soziale Arbeit,Frau,190,0,197,264,119,123,343,0,0,0,101
2001/02,Angewandte Psychologie,Mann,0,0,0,0,0,0,60,0,0,0,0
2001/02,Angewandte Psychologie,Frau,0,0,0,0,0,0,158,0,0,0,0
2001/02,Gesundheit,Mann,0,0,4,0,0,0,0,0,0,0,0
2001/02,Gesundheit,Frau,0,0,21,0,0,0,0,0,0,0,0
2001/02,Lehrkräfte-Ausbildung,Mann,0,0,44,0,0,0,0,0,0,171,0
2001/02,Lehrkräfte-Ausbildung,Frau,0,0,207,0,0,0,0,0,0,821,0
2001/02,Nicht zuteilbar,Mann,23,0,0,0,0,0,0,0,0,0,0
2001/02,Nicht zuteilbar,Frau,36,0,0,0,0,0,0,0,0,0,0
2000/01,"Architektur, Bau- und Planungswesen",Mann,409,369,235,149,127,231,288,0,0,0,0
2000/01,"Architektur, Bau- und Planungswesen",Frau,60,63,48,22,10,57,58,0,0,0,0
2000/01,Technik und IT,Mann,1345,1989,1031,435,210,1226,1019,0,0,0,35
2000/01,Technik und IT,Frau,53,73,37,12,5,25,46,0,0,0,4
2000/01,Chemie und Life Sciences,Mann,42,227,67,0,0,8,233,0,0,0,0
2000/01,Chemie und Life Sciences,Frau,6,90,14,0,0,4,87,0,0,0,0
2000/01,Land- und Forstwirtschaft,Mann,163,47,0,0,0,0,28,0,0,0,0
2000/01,Land- und Forstwirtschaft,Frau,33,9,0,0,0,0,21,0,0,0,0
2000/01,Wirtschaft und Dienstleistungen,Mann,1119,1581,931,640,192,587,1358,0,0,0,78
2000/01,Wirtschaft und Dienstleistungen,Frau,186,946,428,101,68,188,567,0,0,0,9
2000/01,Design,Mann,20,113,113,31,53,0,204,0,0,0,0
2000/01,Design,Frau,50,159,106,58,56,0,289,0,0,0,0
2000/01,Sport,Mann,53,0,0,0,0,0,0,0,0,0,0
2000/01,Sport,Frau,15,0,0,0,0,0,0,0,0,0,0
2000/01,"Musik, Theater und andere Künste",Mann,198,0,39,189,0,0,354,0,0,0,279
2000/01,"Musik, Theater und andere Künste",Frau,213,0,64,187,0,0,498,0,0,0,258
2000/01,Angewandte Linguistik,Mann,0,0,0,0,0,0,16,0,0,0,0
2000/01,Angewandte Linguistik,Frau,0,0,0,0,0,0,111,0,0,0,0
2000/01,Soziale Arbeit,Mann,49,0,98,49,59,62,176,0,0,0,15
2000/01,Soziale Arbeit,Frau,176,0,149,124,82,73,327,0,0,0,37
2000/01,Angewandte Psychologie,Mann,0,0,0,0,0,0,50,0,0,0,0
2000/01,Angewandte Psychologie,Frau,0,0,0,0,0,0,115,0,0,0,0
2000/01,Gesundheit,Mann,0,0,5,0,0,0,0,0,0,0,0
2000/01,Gesundheit,Frau,0,0,36,0,0,0,0,0,0,0,0
2000/01,Lehrkräfte-Ausbildung,Mann,0,0,0,0,0,0,0,0,0,0,0
2000/01,Lehrkräfte-Ausbildung,Frau,0,0,0,0,0,0,0,0,0,0,0
2000/01,Nicht zuteilbar,Mann,0,0,0,0,0,0,0,0,0,0,0
2000/01,Nicht zuteilbar,Frau,0,0,0,0,0,0,0,0,0,0,0
1999/00,"Architektur, Bau- und Planungswesen",Mann,316,319,213,144,85,221,269,0,0,0,0
1999/00,"Architektur, Bau- und Planungswesen",Frau,42,50,38,17,10,45,45,0,0,0,0
1999/00,Technik und IT,Mann,1008,1474,701,384,157,957,858,0,0,0,0
1999/00,Technik und IT,Frau,35,61,23,9,3,13,31,0,0,0,0
1999/00,Chemie und Life Sciences,Mann,36,181,63,0,0,3,275,0,0,0,0
1999/00,Chemie und Life Sciences,Frau,8,69,9,0,0,2,82,0,0,0,0
1999/00,Land- und Forstwirtschaft,Mann,139,32,0,0,0,0,26,0,0,0,0
1999/00,Land- und Forstwirtschaft,Frau,26,6,0,0,0,0,27,0,0,0,0
1999/00,Wirtschaft und Dienstleistungen,Mann,342,1110,635,266,111,351,896,0,0,0,31
1999/00,Wirtschaft und Dienstleistungen,Frau,96,678,216,61,52,114,381,0,0,0,0
1999/00,Design,Mann,13,99,71,18,50,0,166,0,0,0,0
1999/00,Design,Frau,33,158,71,26,54,0,221,0,0,0,0
1999/00,Sport,Mann,28,0,0,0,0,0,0,0,0,0,0
1999/00,Sport,Frau,7,0,0,0,0,0,0,0,0,0,0
1999/00,"Musik, Theater und andere Künste",Mann,64,0,6,53,0,0,244,0,0,0,74
1999/00,"Musik, Theater und andere Künste",Frau,56,0,3,44,0,0,313,0,0,0,64
1999/00,Angewandte Linguistik,Mann,0,0,0,0,0,0,5,0,0,0,0
1999/00,Angewandte Linguistik,Frau,0,0,0,0,0,0,58,0,0,0,0
1999/00,Soziale Arbeit,Mann,34,0,64,20,61,19,158,0,0,0,0
1999/00,Soziale Arbeit,Frau,135,0,94,53,75,29,261,0,0,0,0
1999/00,Angewandte Psychologie,Mann,0,0,0,0,0,0,35,0,0,0,0
1999/00,Angewandte Psychologie,Frau,0,0,0,0,0,0,69,0,0,0,0
1999/00,Gesundheit,Mann,0,0,10,0,0,0,0,0,0,0,0
1999/00,Gesundheit,Frau,0,0,50,0,0,0,0,0,0,0,0
1999/00,Lehrkräfte-Ausbildung,Mann,0,0,0,0,0,0,0,0,0,0,0
1999/00,Lehrkräfte-Ausbildung,Frau,0,0,0,0,0,0,0,0,0,0,0
1999/00,Nicht zuteilbar,Mann,0,0,0,0,0,0,0,0,0,0,0
1999/00,Nicht zuteilbar,Frau,0,0,0,0,0,0,0,0,0,0,0
1998/99,"Architektur, Bau- und Planungswesen",Mann,205,259,171,103,55,137,200,0,0,0,0
1998/99,"Architektur, Bau- und Planungswesen",Frau,32,42,25,9,7,25,35,0,0,0,0
1998/99,Technik und IT,Mann,622,1052,516,254,105,660,617,0,0,0,0
1998/99,Technik und IT,Frau,13,38,16,7,1,7,18,0,0,0,0
1998/99,Chemie und Life Sciences,Mann,25,132,47,0,0,4,215,0,0,0,0
1998/99,Chemie und Life Sciences,Frau,6,39,3,0,0,2,59,0,0,0,0
1998/99,Land- und Forstwirtschaft,Mann,94,15,0,0,0,0,19,0,0,0,0
1998/99,Land- und Forstwirtschaft,Frau,19,4,0,0,0,0,13,0,0,0,0
1998/99,Wirtschaft und Dienstleistungen,Mann,222,630,405,184,65,220,571,0,0,0,21
1998/99,Wirtschaft und Dienstleistungen,Frau,58,389,139,38,24,62,249,0,0,0,0
1998/99,Design,Mann,10,57,25,7,30,0,106,0,0,0,0
1998/99,Design,Frau,20,103,37,10,24,0,163,0,0,0,0
1998/99,Sport,Mann,0,0,0,0,0,0,0,0,0,0,0
1998/99,Sport,Frau,0,0,0,0,0,0,0,0,0,0,0
1998/99,"Musik, Theater und andere Künste",Mann,0,0,0,0,0,0,173,0,0,0,5
1998/99,"Musik, Theater und andere Künste",Frau,0,0,0,0,0,0,265,0,0,0,11
1998/99,Angewandte Linguistik,Mann,0,0,0,0,0,0,0,0,0,0,0
1998/99,Angewandte Linguistik,Frau,0,0,0,0,0,0,0,0,0,0,0
1998/99,Soziale Arbeit,Mann,25,0,34,0,30,0,111,0,0,0,0
1998/99,Soziale Arbeit,Frau,77,0,50,0,45,0,170,0,0,0,0
1998/99,Angewandte Psychologie,Mann,0,0,0,0,0,0,21,0,0,0,0
1998/99,Angewandte Psychologie,Frau,0,0,0,0,0,0,39,0,0,0,0
1998/99,Gesundheit,Mann,0,0,1,0,0,0,0,0,0,0,0
1998/99,Gesundheit,Frau,0,0,26,0,0,0,0,0,0,0,0
1998/99,Lehrkräfte-Ausbildung,Mann,0,0,0,0,0,0,0,0,0,0,0
1998/99,Lehrkräfte-Ausbildung,Frau,0,0,0,0,0,0,0,0,0,0,0
1998/99,Nicht zuteilbar,Mann,0,0,0,0,0,0,0,0,0,0,0
1998/99,Nicht zuteilbar,Frau,0,0,0,0,0,0,0,0,0,0,0
1997/98,"Architektur, Bau- und Planungswesen",Mann,118,133,94,42,30,88,101,0,0,0,0
1997/98,"Architektur, Bau- und Planungswesen",Frau,21,20,13,5,4,20,16,0,0,0,0
1997/98,Technik und IT,Mann,366,489,298,145,68,329,274,0,0,0,0
1997/98,Technik und IT,Frau,8,21,8,2,1,2,3,0,0,0,0
1997/98,Chemie und Life Sciences,Mann,15,41,21,0,0,0,107,0,0,0,0
1997/98,Chemie und Life Sciences,Frau,4,13,1,0,0,0,25,0,0,0,0
1997/98,Land- und Forstwirtschaft,Mann,54,7,0,0,0,0,11,0,0,0,0
1997/98,Land- und Forstwirtschaft,Frau,10,0,0,0,0,0,9,0,0,0,0
1997/98,Wirtschaft und Dienstleistungen,Mann,103,238,208,79,37,112,269,0,0,0,0
1997/98,Wirtschaft und Dienstleistungen,Frau,35,164,64,20,8,37,123,0,0,0,0
1997/98,Design,Mann,4,32,12,0,11,0,42,0,0,0,0
1997/98,Design,Frau,9,53,15,0,16,0,55,0,0,0,0
1997/98,Sport,Mann,0,0,0,0,0,0,0,0,0,0,0
1997/98,Sport,Frau,0,0,0,0,0,0,0,0,0,0,0
1997/98,"Musik, Theater und andere Künste",Mann,0,0,0,0,0,0,0,0,0,0,0
1997/98,"Musik, Theater und andere Künste",Frau,0,0,0,0,0,0,0,0,0,0,0
1997/98,Angewandte Linguistik,Mann,0,0,0,0,0,0,0,0,0,0,0
1997/98,Angewandte Linguistik,Frau,0,0,0,0,0,0,0,0,0,0,0
1997/98,Soziale Arbeit,Mann,15,0,0,0,17,0,0,0,0,0,0
1997/98,Soziale Arbeit,Frau,38,0,0,0,23,0,0,0,0,0,0
1997/98,Angewandte Psychologie,Mann,0,0,0,0,0,0,0,0,0,0,0
1997/98,Angewandte Psychologie,Frau,0,0,0,0,0,0,0,0,0,0,0
1997/98,Gesundheit,Mann,0,0,0,0,0,0,0,0,0,0,0
1997/98,Gesundheit,Frau,0,0,0,0,0,0,0,0,0,0,0
1997/98,Lehrkräfte-Ausbildung,Mann,0,0,0,0,0,0,0,0,0,0,0
1997/98,Lehrkräfte-Ausbildung,Frau,0,0,0,0,0,0,0,0,0,0,0
1997/98,Nicht zuteilbar,Mann,0,0,0,0,0,0,0,0,0,0,0
1997/98,Nicht zuteilbar,Frau,0,0,0,0,0,0,0,0,0,0,0
